RowNum,ItemName,ItemCount,ItemPrice,TotalItemPrice
1.,"Натрия хлорид 0,9%, 200 мл, фл","2,000"
2.,"Борный спирт 3%, 20 мл, фл.","1,000"
3.,"Шприц 2 мл, 3-х комп. (Bioject)","2,000"
4.,Система для инфузии Vogt Medical,"2,000"
5.,Naturella прокладки Классик макси №8,"1,000"
6.,AURA Ватные диски №150,"1,000"
7.,Чистая линия скраб мягкий 50 мл,"1,000"
8.,Чистая линия  скраб очищающийабрикос 50 мл,"1,000"
9.,Чистая линия скраб мягкий 50 мл,"1,000"
10.,Carefree салфетки Алоэвоздухопроницаемые №20,"1,000"
11.,Pro Series Шампунь яркий цвет 500мл,"1,000"
12.,Pro Series бальзам-ополаскивательдля длител ухода за окрашеннымиволосами Яркий цвет 500мл,"1,000"
13.,Clear шампунь Актив спорт 2в1мужской  400 мл,"1,000"
14.,"Bio World (HYDRO THERAPY)Мицеллярная вода 5в1, 445мл","1,000"
15.,"Bio World (HYDRO THERAPY) Гель-муссдля умывания с гиалуроновойкислотой, 250мл","1,000"
16.,"[RX]-Натрия хлорид 0,9%, 100 мл, фл.","1,000"
17.,"[RX]-Дисоль р-р 400 мл, фл.","1,000"
18.,"Тагансорбент с иономи серебра №30,пор.","1,000"
19.,"[RX]-Церукал 2%, 2 мл, №10, амп.","2,000"
20.,"[RX]-Андазол 200 мг, №40, табл.","1,000"
